[
  {
    "name": "Men",
    "subcategory": [
      "T-Shirts",
      "Shirts",
      "Jeans",
      "Trousers",
      "Suits",
      "Activewear"
    ],
    "image": "https://images.unsplash.com/photo-1617137968427-85924c800a22?w=500&auto=format&fit=crop",
    "productId": { "$oid": "680b6d18b233cd8deb9da59b" }
  },
  {
    "name": "Women",
    "subcategory": [
      "Dresses",
      "Tops",
      "Ethnic Wear",
      "Western Wear",
      "Activewear"
    ],
    "image": "https://images.unsplash.com/photo-1618244972963-dbad0c4abf18?w=500&auto=format&fit=crop",
    "productId": { "$oid": "680b6dcfb233cd8deb9da59c" }
  },
  {
    "name": "Kids",
    "subcategory": [
      "Boys Clothing",
      "Girls Clothing",
      "Infants",
      "Toys",
      "School Essentials"
    ],
    "image": "https://images.unsplash.com/photo-1622290291468-a28f7a7dc6a8?w=500&auto=format&fit=crop",
    "productId": { "$oid": "680b6debb233cd8deb9da59d" }
  },
  {
    "name": "Beauty",
    "subcategory": [
      "Makeup",
      "Skincare",
      "Haircare",
      "Fragrances",
      "Personal Care"
    ],
    "image": "https://images.unsplash.com/photo-1596462502278-27bfdc403348?w=500&auto=format&fit=crop",
    "productId": { "$oid": "680b6dfdb233cd8deb9da59e" }
  }
]
